interval_index,avg_frame_diff,start_time_second,dwell_time_second
0,57.9,300.0,23.16
750,45.4,600.0,18.16
1500,54.39,900.0,21.756
2250,48.58,1200.0,19.432000000000002
3000,62.03,1500.0,24.812
3750,50.52,1800.0,20.208000000000002
4500,36.57,2100.0,14.628
5250,41.13,2400.0,16.452
6000,37.71,2700.0,15.084000000000001
6750,60.54,3000.0,24.216
7500,46.43,3300.0,18.572
8250,26.48,3600.0,10.592
9000,28.37,3900.0,11.348
9750,25.14,4200.0,10.056000000000001
10500,12.14,4500.0,4.856000000000001
